Customer ID,Customer Name,Sales
553,Kristine Connolly,50475.31
1733,Nina Horne Kelly,48295.12
491,Toni Swanson,32194.12
2571,Rosemary O'Brien,29916.01
2670,Yvonne Mann,28779.129999999997
1185,Lee Xu,20640.35
1044,Erin Ballard,20565.99
3011,Tammy Raynor,18642.71
640,Neal Wolfe,17390.239999999998
3079,Andrew Levine,16792.21
